[

	{
  "type": "Feature",
  "geometry": {
           "type": "Polygon",
           "coordinates": [
             [ [100.0, 0.0], [101.0, 0.0], [101.0, 1.0],
               [100.0, 1.0], [100.0, 0.0] ]
             ]
         },
  "properties": {
    "name": "Dinagat Islands"
  }
}
    {
        "continent": "EU",
        "country": "BE",
        "city": "Brussels",
        "venue": {
            "latitude": "51.0000000",
            "longitude": "3.7166700"
        }
    },
    {
        "continent": "EU",
        "country": "BE",
        "city": "Gent",
        "venue": {
            "latitude": "51.4657890",
            "longitude": "3.7166700"
        }
    }
]
