<assembly>
  <id>bin</id>
  <formats>
    <format>tar.gz</format>
    <format>zip</format>
  </formats>
  <fileSets>
    <fileSet>
      <directory>target/appassembler/bin</directory>
      <outputDirectory>bin</outputDirectory>
      <includes>
        <include>*.bat</include>
      </includes>
      <lineEnding>keep</lineEnding>
    </fileSet>
    <fileSet>
      <directory>target/appassembler/bin</directory>
      <outputDirectory>bin</outputDirectory>
      <excludes>
        <exclude>*.bat</exclude>
      </excludes>
      <fileMode>744</fileMode>
      <lineEnding>keep</lineEnding>
    </fileSet>
    <fileSet>
      <directory>${project.basedir}</directory>
      <outputDirectory>/</outputDirectory>
      <includes>
        <include>README*</include>
        <include>LICENSE*</include>
        <include>NOTICE*</include>
      </includes>
    </fileSet>
  </fileSets>
  <dependencySets>
    <dependencySet>
      <outputDirectory>lib</outputDirectory>
    </dependencySet>
  </dependencySets>
</assembly>
